Date,U.S. Refinery and Blender Net Input of Crude Oil (Thousand Barrels),East Coast (PADD 1) Refinery and Blender Net Input of Crude Oil (Thousand Barrels),Refining District East Coast Refinery and Blender Net Input of Crude Oil (Thousand Barrels),Refining District Appalachian No. 1 Refinery and Blender Net Input of Crude Oil (Thousand Barrels),Midwest (PADD 2) Refinery and Blender Net Input of Crude Oil (Thousand Barrels),Refining District Indiana-Illinois-Kentucky Refinery and Blender Net Input of Crude Oil (Thousand Barrels),Refining District Minnesota-Wisconsin-North Dakota-South Dakota Refinery and Blender Net Input of Crude Oil (Thousand Barrels),Refining District Oklahoma-Kansas-Missouri Refinery and Blender Net Input of Crude Oil (Thousand Barrels),Gulf Coast (PADD 3) Refinery and Blender Net Input of Crude Oil (Thousand Barrels),Refining District Texas Inland Refinery and Blender Net Input of Crude Oil (Thousand Barrels),Refining District Texas Gulf Coast Refinery and Blender Net Input of Crude Oil (Thousand Barrels),Refining District Louisiana Gulf Coast Refinery and Blender Net Input of Crude Oil (Thousand Barrels),Refining District North Louisiana-Arkansas Refinery and Blender Net Input of Crude Oil (Thousand Barrels),Refining District New Mexico Refinery and Blender Net Input of Crude Oil (Thousand Barrels),Rocky Mountain (PADD 4) Refinery and Blender Net Input of Crude Oil (Thousand Barrels),West Coast (PADD 5) Refinery and Blender Net Input of Crude Oil (Thousand Barrels),
Jan-1981,410672,45584,40633,4951,104600,64941,8114,29926,178318,14496,89052,65918,6052,2800,13352,68818,
Feb-1981,361270,40863,36511,4352,89261,55552,5955,26198,158056,12898,83569,53846,5221,2522,11411,61679,
Mar-1981,383872,43354,39128,4226,89730,55730,6349,25925,170538,13315,90847,58491,5395,2490,12115,68135,
Apr-1981,362716,38583,34685,3898,83454,51326,6413,24193,168953,13210,86611,61997,5185,1950,10988,60738,
May-1981,381583,35347,31572,3775,88975,53497,7045,26822,178998,13391,93954,64292,4728,2633,12480,65783,
Jun-1981,372437,38439,35074,3365,84236,50883,6567,25432,168032,13946,88864,57858,4812,2552,13442,68288,
Jul-1981,380083,39958,36314,3644,89074,54205,7193,25963,170504,15493,88592,59140,4664,2615,14065,66482,
Aug-1981,400155,42592,38647,3945,94926,55978,7618,29545,178601,15400,91805,63905,4953,2538,14173,69863,
Sep-1981,375153,38789,34742,4047,90408,54803,6397,27620,166842,14898,80658,64512,4559,2215,13221,65893,
Oct-1981,373772,41444,37531,3913,88648,52360,7263,27325,164961,15350,76939,66074,4282,2316,12113,66606,
Nov-1981,367200,41236,37117,4119,87961,52857,7348,26099,158765,14341,76263,61356,4460,2345,13903,65335,
Dec-1981,382812,40736,36703,4033,92282,55877,7384,27194,171139,14526,85365,63624,5162,2462,13966,64689,
Jan-1982,359560,39463,35839,3624,85612,52757,7199,23936,159568,14372,78762,59334,4692,2408,12766,62151,
Feb-1982,314616,34720,31885,2835,76429,45465,6112,23282,137275,12848,69812,48231,4257,2127,10642,55550,
Mar-1982,349553,37230,33959,3271,82099,49118,6812,24432,157009,14551,78517,56515,4912,2514,11910,61305,
Apr-1982,341765,35187,31774,3413,80042,47837,6857,23597,154926,11416,80069,56810,4640,1991,10700,60910,
May-1982,365972,33854,30428,3426,85417,50830,7621,25214,171269,14223,88843,60863,4936,2404,11710,63722,
Jun-1982,374814,40462,37088,3374,90031,55957,8121,24220,169463,14470,85853,61601,5084,2455,13072,61786,
Jul-1982,385825,40010,37410,2600,93898,58621,8521,25012,174938,14889,87820,64162,5494,2573,13821,63158,
Aug-1982,368008,35663,32933,2730,87962,56823,8258,22652,166623,15117,85146,58577,5280,2503,14017,63743,
Sep-1982,364374,35136,32898,2238,87723,56956,8139,21480,165666,13605,86142,58726,4994,2199,13250,62599,
Oct-1982,364221,34429,32600,1829,81263,49805,8157,21549,175299,13594,90983,63059,5236,2427,13236,59994,
Nov-1982,351706,35435,33606,1829,79320,48341,7930,21376,164630,13173,84184,60161,4808,2304,12835,59486,
Dec-1982,356941,35098,32271,2827,84183,52920,7994,21546,160723,14164,79021,60538,4667,2333,13855,63082,
Jan-1983,345442,32699,30655,2044,83087,54241,7372,19925,155783,13721,77377,57651,4755,2279,12409,61464,
Feb-1983,297722,27089,25239,1850,71736,45930,6512,18029,132354,12871,72718,39855,4715,2195,10072,56471,
Mar-1983,336634,27729,25802,1927,79845,51600,7416,19378,159336,14469,83409,54340,4749,2369,11348,58376,
Apr-1983,343000,31846,29508,2338,81624,53681,7065,19521,159346,14133,82280,55436,5374,2123,11265,58919,
May-1983,365803,33344,30507,2837,82272,52271,6821,21534,170395,14081,90042,58331,5452,2489,13130,66662,
Jun-1983,368529,32889,30432,2457,84908,56530,8164,18611,168913,14753,86428,59682,5596,2454,13297,68522,
Jul-1983,383152,34746,32469,2277,88411,58308,8685,20314,174459,15407,92872,58301,5454,2425,14375,71161,
Aug-1983,376722,36618,34116,2502,91451,58875,8699,21934,167518,15622,83092,60858,5644,2302,14243,66892,
Sep-1983,374445,35234,32760,2474,86217,57492,7741,19106,176025,14814,91735,62227,4971,2278,13618,63351,
Oct-1983,365232,30624,28147,2477,84256,56692,6868,18756,171954,14841,93093,57062,5268,1690,13717,64681,
Nov-1983,360131,27217,24732,2485,84968,55610,8532,18947,171422,14731,89394,59851,5268,2178,13150,63374,
Dec-1983,348256,28600,26034,2566,83499,55005,8619,18126,156859,13533,80031,55947,4832,2516,12656,66642,
Jan-1984,359193,31979,29648,2331,82213,54108,8434,17916,168514,14863,84163,62295,4884,2309,12498,63989,
Feb-1984,352560,30660,28615,2045,81184,53697,8069,17798,167935,14932,85060,60311,5307,2325,11694,61087,
Mar-1984,369720,32075,29530,2545,87320,57494,8628,19473,172014,15768,87241,61112,5613,2280,12822,65489,
Apr-1984,356726,24402,21595,2807,80919,51900,8245,19070,170618,14841,84283,63856,5285,2353,12774,68013,
May-1984,379649,35025,31997,3028,85041,57022,7703,18595,174156,15443,84022,66559,5785,2347,14150,71277,
Jun-1984,367649,35395,33010,2385,89218,59495,8682,19296,161239,16025,78916,58399,5563,2336,13671,68126,
Jul-1984,372882,35883,33146,2737,89325,58325,8676,20502,166060,15867,84718,57127,5855,2493,14298,67316,
Aug-1984,382721,38057,35358,2699,88804,56588,9225,21177,172545,16217,85620,62800,5719,2189,14026,69289,
Sep-1984,368136,35084,32355,2729,85035,54101,8985,20186,166397,15640,83307,60178,5573,1699,13246,68374,
Oct-1984,371304,33415,30510,2905,76819,47598,8887,18412,176809,13315,93185,63811,4820,1678,13584,70677,
Nov-1984,363240,35439,32586,2853,80317,49436,8838,20175,167974,14693,85416,61371,5059,1435,13167,66343,
Dec-1984,364403,37363,34550,2813,84349,53275,9009,20241,161878,15082,81487,58431,5443,1435,13503,67310,
Jan-1985,354785,33460,30688,2772,82134,53763,8318,18303,159400,14920,84550,53198,5101,1631,13034,66757,
Feb-1985,318271,30671,28077,2594,71014,46611,7736,15094,146549,13307,74977,52268,4668,1329,11094,58943,
Mar-1985,352520,34298,31299,2999,77468,50031,8186,17386,159955,14703,78302,60409,4937,1604,12461,68338,
Apr-1985,354136,34446,31778,2668,79402,51257,8522,17838,161663,13349,81653,60569,4177,1915,10175,68450,
May-1985,374900,35727,32869,2858,83779,53472,9073,19253,171097,13782,86987,62880,5458,1990,14605,69692,
Jun-1985,368760,36780,33812,2968,86473,56038,8935,20103,162115,14600,80604,59685,5251,1975,14084,69308,
Jul-1985,385799,37061,34001,3060,89375,58283,8975,20329,171810,15297,84971,64032,5475,2035,14263,73290,
Aug-1985,373409,36752,33714,3038,90641,59074,9290,20385,162246,14486,83977,56656,5190,1937,14902,68868,
Sep-1985,357735,33219,30306,2913,83863,55888,8104,17970,158023,14160,83197,54298,4526,1842,13618,69012,
Oct-1985,378464,37129,34120,3009,85083,54425,9047,19594,171812,15132,85743,63546,5478,1913,13578,70862,
Nov-1985,372294,34305,32925,1380,85064,54662,8718,19760,171662,14201,87384,62843,5303,1931,12833,68430,
Dec-1985,389668,36961,33806,3155,85449,55104,9033,19303,182734,14251,91293,69562,5732,1896,12982,71542,
Jan-1986,383580,34976,32042,2934,85851,55800,8828,19252,176478,14312,88123,66382,5733,1928,12673,73602,
Feb-1986,333697,30306,27622,2684,73137,46562,7963,16856,156974,12523,79061,58966,4733,1691,10471,62809,
Mar-1986,361208,33850,30669,3181,82113,52946,9094,18201,161707,14009,85612,57035,3828,1223,11674,71864,
Apr-1986,375371,33130,30080,3050,81603,53608,8406,17718,176095,14482,91609,64139,4024,1841,12618,71925,
May-1986,411643,39777,36515,3262,89457,59153,8332,20050,192898,15041,97981,72317,5497,2062,13952,75559,
Jun-1986,397836,40133,36921,3212,87946,57134,9194,19831,182141,14757,92949,66789,5600,2046,14138,73478,
Jul-1986,400428,39994,37045,2949,90629,59305,9624,19959,180029,14984,93633,63759,5515,2138,14653,75123,
Aug-1986,411891,41293,38148,3145,93032,60798,9683,20686,187270,15178,97073,67392,5495,2132,14425,75871,
Sep-1986,392907,39319,36454,2865,85242,56212,8533,18689,181877,14999,92885,66818,5207,1968,13323,73146,
Oct-1986,391713,39704,36579,3125,85902,57276,9277,18354,178574,13432,90513,66878,5666,2085,13233,74300,
Nov-1986,384925,36094,32861,3233,86790,56996,9064,19716,178037,14359,88504,67773,5468,1933,12960,71044,
Dec-1986,396097,37944,34767,3177,88380,58332,9238,19527,185647,14148,93380,71019,5169,1931,13109,71017,
Jan-1987,389656,34063,31194,2869,85891,58152,8623,19116,183689,14473,90745,71250,5290,1931,13004,73009,
Feb-1987,344113,32190,29535,2655,76237,52068,7665,16504,155368,12356,79124,57760,4654,1474,11711,68607,
Mar-1987,374496,34502,31337,3165,82948,55719,8625,18604,172079,14498,86328,64196,5026,2031,11192,73775,
Apr-1987,375364,37648,34892,2756,85992,58180,8327,19485,161323,13655,79792,61220,4620,2036,12899,77502,
May-1987,392228,39431,36172,3259,86321,59209,6863,20249,173965,14871,87838,64180,4969,2107,13368,79143,
Jun-1987,396048,41549,38404,3145,86668,58363,8974,19331,179206,14002,89885,68204,5079,2036,13650,74975,
Jul-1987,416334,41984,38855,3129,91992,62526,9467,19999,188218,15015,95546,70246,5288,2123,14754,79386,
Aug-1987,414778,42446,39386,3060,93003,62957,9607,20439,185140,15287,91812,70449,5396,2196,14887,79302,
Sep-1987,395051,38205,35189,3016,88017,59643,9220,19154,177994,14143,87584,69833,4492,1942,13823,77012,
Oct-1987,394712,37129,34223,2906,87150,59511,9484,18155,183568,14774,89704,72294,4663,2133,13559,73306,
Nov-1987,389435,36699,33737,2962,86027,58582,9041,18404,180965,14008,89289,70370,5238,2060,13131,72613,
Dec-1987,409568,40925,38014,2911,87706,59332,8867,19507,189834,14573,94131,73730,5321,2079,13364,77739,
Jan-1988,400505,40722,37665,3057,85244,57762,8612,18870,184066,12938,91764,71889,5442,2033,13060,77413,
Feb-1988,366671,37821,35039,2782,80787,55085,8222,17480,166119,12313,80005,66927,4900,1974,12328,69616,
Mar-1988,403504,38945,35809,3136,88960,60526,9012,19422,185337,14915,91423,71429,5355,2215,12583,77679,
Apr-1988,394053,33928,31743,2185,86613,58109,8936,19568,182229,14866,94010,66309,5002,2042,12914,78369,
May-1988,416167,38730,35605,3125,91008,60114,9309,21585,190629,15320,97822,69735,5730,2022,14975,80825,
Jun-1988,404599,39924,36805,3119,89650,59074,9576,21000,181147,15015,93772,64661,5642,2057,14827,79051,
Jul-1988,422120,43543,40291,3252,93475,61610,10269,21596,188423,15536,97291,67596,5715,2285,15129,81550,
Aug-1988,426325,43551,40371,3180,96095,63791,10480,21824,190474,15285,97746,69425,5736,2282,15446,80759,
Sep-1988,397830,40902,37889,3013,88930,57703,9960,21267,174547,14269,87613,65606,4894,2165,14104,79347,
Oct-1988,406896,39420,36119,3301,88206,58065,9524,20617,188846,15486,95507,70798,4891,2164,12964,77460,
Nov-1988,394694,36951,33812,3139,86411,58321,9198,18892,180531,14651,89390,69111,5393,1986,13249,77552,
Dec-1988,414811,40593,37264,3329,92010,61457,9334,21219,186439,15193,89410,74127,5645,2064,13718,82051,
Jan-1989,413219,40571,37437,3134,90894,61253,9981,19660,188206,15725,87207,78081,5433,1760,13365,80183,
Feb-1989,357406,36114,33271,2843,81746,54441,8824,18481,162467,13911,72059,69952,5163,1382,11546,65533,
Mar-1989,401845,38301,35148,3153,88553,58675,9977,19901,186228,15234,91246,71825,5653,2270,12789,75974,
Apr-1989,388676,32057,28993,3064,81807,55971,8420,17416,185471,14965,93177,70485,4815,2029,12366,76975,
May-1989,415544,32363,29453,2910,87184,56872,8658,21654,198022,15664,98677,75483,5820,2378,14729,83246,
Jun-1989,417153,40265,37296,2969,91036,60358,9298,21380,190010,14719,95228,72456,5380,2227,14836,81006,
Jul-1989,429283,41854,38923,2931,95195,62881,10148,22166,193337,15812,95138,74744,5337,2306,15192,83705,
Aug-1989,429683,42394,39307,3087,96206,63947,9864,22395,192550,16134,96630,71988,5542,2256,15470,83063,
Sep-1989,413718,41744,39064,2680,90449,60203,9295,20951,187789,15798,95215,69575,4997,2204,14826,78910,
Oct-1989,414165,42547,39743,2804,81984,52289,10061,19634,193816,16010,96928,74125,4455,2298,13811,82007,
Nov-1989,402585,39966,36940,3026,83039,54571,9523,18945,187438,15253,92142,73496,4356,2191,14044,78098,
Dec-1989,408104,41758,38558,3200,91766,61719,9879,20168,180595,16164,90877,66378,4916,2260,14259,79726,
Jan-1990,418235,43514,40427,3087,90641,60298,9822,20521,186209,15755,93468,69175,5598,2213,13660,84211,
Feb-1990,377624,39444,36836,2608,83122,55752,8467,18903,168768,13685,82225,65878,5004,1976,12342,73948,
Mar-1990,399157,39953,37069,2884,87928,59127,9667,19134,175685,15784,83433,68525,5688,2255,13119,82472,
Apr-1990,391524,35592,32792,2800,87268,58649,8789,19830,178148,14630,91204,64692,5701,1921,12963,77553,
May-1990,414968,38917,36054,2863,93038,62150,8406,22482,191932,16561,92635,74919,5461,2356,15199,75882,
Jun-1990,410658,39505,36626,2879,94986,62477,10389,22120,188580,16069,91914,72836,5463,2298,14801,72786,
Jul-1990,440564,44671,41571,3100,99752,65442,11191,23119,199885,16433,98199,76901,5945,2407,15444,80812,
Aug-1990,438400,39838,36726,3112,99891,65666,10856,23369,197009,16053,96218,76876,5549,2313,15759,85903,
Sep-1990,423105,42613,39591,3022,97316,64353,10520,22443,185459,16369,85995,75307,5562,2226,14680,83037,
Oct-1990,397583,36937,33918,3019,90092,61517,10115,18460,181060,15812,85312,72915,5516,1505,13558,75936,
Nov-1990,388600,34177,31473,2704,86133,57515,9902,18716,178469,15139,85416,70443,5476,1995,13070,76751,
Dec-1990,393961,33576,31006,2570,89220,59616,9547,20057,180677,15640,86835,70383,5568,2251,13235,77253,
Jan-1991,394776,35900,32869,3031,88152,60155,9765,18232,180920,15021,84157,73913,5730,2099,12569,77235,
Feb-1991,365283,34145,31598,2547,82471,54793,9209,18469,165691,13314,77502,67849,4985,2041,12110,70866,
Mar-1991,398002,38497,35668,2829,92019,61966,10420,19633,179648,15232,81622,74555,5899,2340,14086,73752,
Apr-1991,391250,35531,33891,1640,89400,60939,7110,21351,174876,13401,81921,72028,5488,2038,12846,78597,
May-1991,419698,39474,36687,2787,97713,65077,9947,22689,185107,16107,92689,69014,4902,2395,14286,83118,
Jun-1991,417542,40012,37029,2983,95723,63420,10382,21921,184013,16562,89550,69606,5909,2386,14483,83311,
Jul-1991,424790,41307,38249,3058,99895,67343,10225,22327,188005,16458,91132,71939,6091,2385,15060,80523,
Aug-1991,427808,40920,37879,3041,96493,63882,10085,22526,193890,16738,93590,75115,6036,2411,15375,81130,
Sep-1991,410814,40227,37418,2809,96067,65026,9370,21671,181973,16156,86926,71492,5101,2298,13843,78704,
Oct-1991,399784,33662,31122,2540,92972,61409,9900,21663,183631,15866,88015,73057,4352,2341,14693,74826,
Nov-1991,387855,34830,32147,2683,86835,56413,10000,20422,177877,15150,85428,69972,5162,2165,13708,74605,
Dec-1991,417414,38493,35694,2799,94965,64184,10153,20628,191973,15611,92447,75839,5956,2120,13115,78868,
Jan-1992,400609,36353,33648,2705,93374,63716,10044,19614,180157,14873,83338,73398,6113,2435,12704,78021,
Feb-1992,362091,33640,31040,2600,88108,60075,9523,18510,160154,13473,76135,62643,5706,2197,11651,68538,
Mar-1992,405587,36126,33148,2978,92303,62139,10182,19982,187645,15761,88440,75839,5042,2563,13826,75687,
Apr-1992,397785,39203,36423,2780,87524,59867,10078,17579,183546,16192,86838,72147,5643,2726,12375,75137,
May-1992,424055,40719,37985,2734,100103,67758,10315,22030,190507,16476,91957,73265,6026,2783,13391,79335,
Jun-1992,421784,42146,39203,2943,96771,65322,9753,21696,190791,16522,91880,74059,5704,2626,13122,78954,
Jul-1992,432533,41808,38804,3004,100503,68458,10456,21589,193679,17190,92878,74962,5967,2682,14592,81951,
Aug-1992,416219,37591,34526,3065,100847,68599,10398,21850,183638,16905,88136,69506,6257,2834,13885,80258,
Sep-1992,411421,38873,35983,2890,96113,65184,9672,21257,185500,15873,88191,72448,6369,2619,13642,77293,
Oct-1992,421098,42166,39211,2955,96358,64129,10353,21876,190522,15258,90154,75946,6464,2700,13628,78424,
Nov-1992,406416,38965,36189,2776,92613,63463,9891,19259,186958,15491,90356,72197,6194,2720,12840,75040,
Dec-1992,409005,38167,35345,2822,93525,63323,10705,19497,188655,14874,89973,74775,6259,2774,13313,75345,
Jan-1993,401073,38419,35570,2849,94737,64225,10764,19748,184278,15860,84255,75049,6293,2821,12815,70824,
Feb-1993,360216,31208,28406,2802,84236,55787,10142,18307,167653,14600,80100,64628,5703,2622,11363,65756,
Mar-1993,409192,34930,31893,3037,95187,62891,11305,20991,187115,14565,89940,74511,5623,2476,13619,78341,
Apr-1993,406128,42060,39201,2859,90442,62393,9598,18451,184559,14788,88104,73285,5451,2931,11944,77123,
May-1993,428684,44662,41660,3002,97477,65504,10223,21750,191254,16448,92593,72847,6382,2984,14081,81210,
Jun-1993,423879,44001,41003,2998,99146,67583,10969,20594,188344,15081,88908,75149,6333,2873,14334,78054,
Jul-1993,438206,44711,41816,2895,100456,68857,10769,20830,196126,16735,92649,77328,6479,2935,14480,82433,
Aug-1993,429155,42380,39383,2997,98352,66699,10992,20661,193199,16637,91724,75568,6375,2895,14619,80605,
Sep-1993,415225,43144,40415,2729,95007,66157,11376,17474,184433,16458,89769,70082,6128,1996,14375,78266,
Oct-1993,425592,46704,43820,2884,99078,66417,12021,20640,188172,16737,87149,75734,6012,2540,14012,77626,
Nov-1993,410580,42577,39759,2818,96014,64729,10977,20308,183632,16419,86476,73829,4642,2266,13782,74575,
Dec-1993,420711,40445,37771,2674,95640,64680,10965,19995,192586,16138,88783,79038,5830,2797,13828,78212,
Jan-1994,411877,38799,35987,2812,93006,61582,11561,19863,188622,16243,88462,75435,5588,2894,13902,77548,
Feb-1994,367639,38520,36007,2513,86790,57377,10695,18718,165965,14335,80040,64130,4821,2639,12473,63891,
Mar-1994,402527,37052,34305,2747,92195,62092,11475,18628,186277,17361,89288,71441,5558,2629,12820,74183,
Apr-1994,414272,37875,36411,1464,97677,66117,10163,21397,191884,17294,91889,74630,5245,2826,12913,73923,
May-1994,442437,44068,40936,3132,101577,69285,10566,21726,203616,17584,97000,80176,5882,2974,14541,78635,
Jun-1994,430522,44085,41001,3084,99279,67170,11075,21034,194728,16608,94531,74890,5741,2958,14583,77847,
Jul-1994,444659,44457,41386,3071,100638,67715,11539,21384,202228,17281,96345,80318,5376,2908,14827,82509,
Aug-1994,449225,43894,40708,3186,101092,67080,12049,21963,207052,17157,99143,81973,5804,2975,14571,82616,
Sep-1994,427028,41179,38166,3013,97695,65492,10552,21651,197599,17091,93859,77963,5834,2852,14441,76114,
Oct-1994,419411,42007,38866,3141,92980,62175,10875,19930,191214,16676,90493,75374,5892,2779,14084,79126,
Nov-1994,419034,44238,41113,3125,94054,62030,11208,20816,190285,15629,92565,73666,5526,2899,13538,76919,
Dec-1994,432480,41904,39010,2894,97274,65642,11586,20046,199809,16667,96755,77918,5645,2824,14026,79467,
Jan-1995,421734,41649,38755,2894,99282,66044,11566,21672,192383,17415,94683,71729,5623,2933,14020,74400,
Feb-1995,374208,40857,38260,2597,84736,55763,10137,18836,170310,14320,80071,68271,5051,2597,12425,65880,
Mar-1995,417882,46707,43981,2726,90002,60621,11473,17908,195216,15816,94263,76539,5646,2952,14074,71883,
Apr-1995,414516,42893,40186,2707,94538,63151,11034,20353,192502,16600,92563,75161,5307,2871,12890,71693,
May-1995,443398,45089,42219,2870,98376,67347,11112,19917,202483,17062,97983,78718,5686,3034,14812,82638,
Jun-1995,436603,46180,43263,2917,99306,66237,12294,20775,199451,17719,96966,76227,5647,2892,14827,76839,
Jul-1995,446493,48809,45792,3017,101890,67775,12524,21591,200879,17823,99146,75581,5292,3037,15208,79707,
Aug-1995,442562,49167,46173,2994,101394,66641,12484,22269,196499,18246,95418,74327,5567,2941,14752,80750,
Sep-1995,432049,46656,43641,3015,99893,67092,11959,20842,196896,15951,96009,76516,5577,2843,13587,75017,
Oct-1995,421537,43363,40480,2883,95922,65010,10644,20268,193676,17479,94721,73944,4548,2984,13088,75488,
Nov-1995,414996,44243,41715,2528,93377,62720,11605,19052,192475,16842,94023,73398,5358,2854,13986,70915,
Dec-1995,434339,44013,41302,2711,97276,65720,11488,20068,201885,17340,98986,77573,5202,2784,13366,77799,
Jan-1996,425554,42365,39532,2833,95945,65980,11724,18241,197012,16684,96072,75880,5471,2905,13566,76666,
Feb-1996,393363,36192,33487,2705,88663,58965,11260,18438,183551,14687,88096,73580,4730,2458,12342,72615,
Mar-1996,427592,37900,34837,3063,97954,64247,12437,21270,199950,15257,99885,76627,5513,2668,13966,77822,
Apr-1996,428854,39562,36890,2672,97250,64981,11550,20719,204071,17155,101504,77222,5418,2772,13750,74221,
May-1996,447597,42165,39268,2897,102250,69163,11592,21495,210750,17313,104521,81007,4979,2930,14473,77959,
Jun-1996,437070,39551,36476,3075,101793,67654,12379,21760,205137,17274,99915,79502,5533,2913,14893,75696,
Jul-1996,445118,41863,38924,2939,104143,69003,12397,22743,207244,18396,101149,79013,5643,3043,15349,76519,
Aug-1996,447146,42932,39799,3133,104716,70055,13022,21639,207524,18496,98713,81691,5573,3051,15320,76654,
Sep-1996,434517,42547,39634,2913,99475,66645,12569,20261,200099,17562,97070,77068,5520,2879,14956,77440,
Oct-1996,442572,41111,38184,2927,100509,68712,12281,19516,206590,17304,100750,80700,4843,2993,14802,79560,
Nov-1996,426132,39396,36662,2734,98682,65936,12624,20122,200252,17567,97726,77867,4264,2828,14196,73606,
Dec-1996,439750,41416,38511,2905,99625,67260,12477,19888,208693,17550,100797,81869,5595,2882,14091,75925,
Jan-1997,423584,37955,35240,2715,99571,67397,12533,19641,199978,17504,97424,76654,5542,2854,14472,71608,
Feb-1997,377590,37667,35261,2406,90855,61068,11927,17860,173121,15010,79419,71071,5035,2586,12834,63113,
Mar-1997,435448,41832,39034,2798,95979,61857,12951,21171,207037,16760,97577,84430,5461,2809,13742,76858,
Apr-1997,429084,42192,39672,2520,93383,62290,11717,19376,203889,17921,97852,80925,4568,2623,12798,76822,
May-1997,468824,48600,45614,2986,107576,72379,13317,21880,216730,18709,106641,82789,5689,2902,14981,80937,
Jun-1997,455100,47220,44501,2719,105516,71325,13272,20919,210240,18243,102351,81226,5573,2847,15087,77037,
Jul-1997,464811,48513,45753,2760,106210,71474,13337,21399,213458,19022,104017,81785,5713,2921,15747,80883,
Aug-1997,473400,48808,45704,3104,109310,73982,13458,21870,217524,18937,107586,82522,5599,2880,15651,82107,
Sep-1997,459229,48790,45985,2805,105387,71884,12790,20713,213419,18697,103700,83064,5640,2318,15080,76553,
Oct-1997,460475,49714,47381,2333,104538,71567,12730,20241,213966,18341,102493,85775,5389,1968,15246,77011,
Nov-1997,441165,44855,42168,2687,99704,66548,13183,19973,209852,17650,101793,82622,5613,2174,14051,72703,
Dec-1997,462756,45225,42442,2783,104756,71561,13593,19602,219099,18287,107514,85006,5543,2749,15108,78568,
Jan-1998,443902,46830,44047,2783,105005,70320,12891,21794,202918,18215,104569,71906,5448,2780,14962,74187,
Feb-1998,392636,43472,40870,2602,94088,62838,11869,19381,176652,15883,89088,64269,4873,2539,13470,64954,
Mar-1998,453810,48597,45866,2731,99964,66389,13771,19804,214769,17647,106436,82224,5727,2735,13310,77170,
Apr-1998,452557,48826,46334,2492,99676,67349,12880,19447,215052,16772,107997,81996,5690,2597,13368,75635,
May-1998,474939,50166,48455,1711,106501,71141,12772,22588,223024,18866,111754,84018,5683,2703,14559,80689,
Jun-1998,464544,48906,45935,2971,105493,70438,12940,22115,218085,18153,109383,82223,5465,2861,15385,76675,
Jul-1998,482179,50094,47082,3012,109103,72953,14042,22108,228367,18622,113934,86781,5942,3088,15189,79426,
Aug-1998,487236,50726,47714,3012,108151,73721,13869,20561,231114,19080,112319,91015,5817,2883,15809,81436,
Sep-1998,445543,46822,43886,2936,98021,66064,11225,20732,205732,17912,99553,79927,5496,2844,15151,79817,
Oct-1998,433819,40455,37484,2971,101341,67120,12017,22204,198798,17175,104494,68314,5931,2884,15155,78070,
Nov-1998,443174,50117,47395,2722,100270,67835,13364,19071,204862,16503,106243,73838,5537,2741,14172,73753,
Dec-1998,460044,47763,45107,2656,102908,69960,12981,19967,219916,17685,108254,85536,5638,2803,14566,74891,
Jan-1999,447696,49140,46299,2841,100674,66951,12950,20773,208780,17052,99583,83517,5846,2782,14782,74320,
Feb-1999,400646,42818,40291,2527,90740,61230,10804,18706,190083,15229,90347,76574,5390,2543,13427,63578,
Mar-1999,449433,45690,42935,2755,95561,63462,11101,20998,220452,15939,108562,87590,5523,2838,14178,73552,
Apr-1999,452810,46660,43756,2904,101460,69383,11156,20921,217658,17210,105126,86727,5822,2773,13584,73448,
May-1999,464151,49926,46845,3081,107822,74084,11364,22374,220367,18090,104373,89261,5717,2926,15509,70527,
Jun-1999,448763,47307,44464,2843,104544,70580,12622,21342,211727,16807,101131,85335,5667,2787,15632,69553,
Jul-1999,472359,49170,46180,2990,107555,71905,12972,22678,220172,16843,105259,89250,5965,2855,16465,78997,
Aug-1999,474268,50995,47974,3021,109295,73213,13113,22969,218570,17738,104227,88066,5721,2818,16686,78722,
Sep-1999,453223,46472,43594,2878,100662,68310,9696,22656,215236,17364,104361,85462,5550,2499,15706,75147,
Oct-1999,452260,47172,44633,2539,102135,66984,12145,23006,213109,16344,105347,82913,5884,2621,15891,73953,
Nov-1999,441117,44640,42126,2514,98171,65065,12661,20445,209186,17085,102387,81204,5768,2742,14839,74281,
Dec-1999,446724,44955,42221,2734,96987,63518,12575,20894,213859,17559,104253,83497,5763,2787,15148,75775,
Jan-2000,427140,40566,37808,2758,97100,64422,12329,20349,202325,16849,101687,75969,5038,2782,15495,71654,
Feb-2000,406817,44975,42415,2560,89991,59006,11917,19068,193218,16428,92778,76564,4891,2557,14167,64466,
Mar-2000,453003,50694,47987,2707,97967,62912,13637,21418,216112,16364,105977,87189,3669,2913,14336,73894,
Apr-2000,451588,48062,45726,2336,102152,68134,12220,21798,211844,17800,100481,85435,5378,2750,14186,75344,
May-2000,480307,49581,47045,2536,109945,74796,12201,22948,225817,18044,107574,91165,6248,2786,15861,79103,
Jun-2000,469289,48381,45663,2718,109108,72265,13559,23284,218100,17908,102647,88718,5985,2842,15965,77735,
Jul-2000,490385,51164,48292,2872,110226,73097,13762,23367,230515,18463,112081,91154,5947,2870,16669,81811,
Aug-2000,484853,52075,49296,2779,107691,71959,13176,22556,227668,18547,106854,93345,6107,2815,16529,80890,
Sep-2000,462221,46650,44088,2562,104482,69964,12499,22019,218411,16809,104874,88419,5616,2693,15376,77302,
Oct-2000,465889,48603,45899,2704,102633,68189,13383,21061,223309,17059,111248,86364,5830,2808,15962,75382,
Nov-2000,450697,47461,44988,2473,100083,65429,12929,21725,216961,17493,107345,84076,5386,2661,14971,71221,
Dec-2000,472206,46950,44317,2633,103230,69208,13010,21012,228411,17789,110851,92126,5021,2624,15188,78427,
Jan-2001,458473,48132,45515,2617,105037,69446,13089,22502,218573,18563,101124,90391,5826,2669,15140,71591,
Feb-2001,414776,45449,43098,2351,91665,60716,11847,19102,195611,15563,92218,80983,4659,2188,13659,68392,
Mar-2001,454117,44320,41754,2566,100450,64925,13276,22249,216338,16821,111578,79483,5780,2676,13716,79293,
Apr-2001,466086,46231,43557,2674,103840,68748,12524,22568,227122,16787,113429,90306,4154,2446,14018,74875,
May-2001,488650,50940,48256,2684,107245,70276,13288,23681,234486,18720,116154,92991,3981,2640,14794,81185,
Jun-2001,469487,45893,43045,2848,105279,70485,12837,21957,222114,17702,108205,89189,4664,2354,16117,80084,
Jul-2001,476430,47655,44951,2704,105842,69982,12371,23489,223231,16166,107381,92280,4734,2670,16391,83311,
Aug-2001,473019,42942,40183,2759,104466,68096,13160,23210,228081,18053,110318,92784,4594,2332,16391,81139,
Sep-2001,450162,42461,39804,2657,97330,65218,10042,22070,218585,17478,103652,90201,4685,2569,15935,75851,
Oct-2001,465065,45301,43026,2275,97158,62966,12536,21656,226720,18758,112031,89182,4468,2281,15515,80371,
Nov-2001,450041,46847,44194,2653,90266,56053,13257,20956,220152,17064,107795,88773,4443,2077,15381,77395,
Dec-2001,455331,41101,38398,2703,97169,63449,13042,20678,225639,17971,111460,90089,4237,1882,15372,76050,
Jan-2002,449093,41957,39222,2735,94929,62565,11749,20615,223394,16716,112704,87053,4308,2613,15435,73378,
Feb-2002,400571,41259,38842,2417,86825,56781,10901,19143,195884,12708,97222,79431,4121,2402,14337,62266,
Mar-2002,450298,47541,44824,2717,92945,61390,12287,19268,215920,16665,99647,92351,4573,2684,14803,79089,
Apr-2002,459755,47957,45342,2615,100348,66154,12883,21311,216744,17580,102232,89978,4482,2472,14677,80029,
May-2002,474320,50326,47490,2836,102874,66662,13034,23178,225110,18479,107942,91383,4540,2766,15586,80424,
Jun-2002,461916,47544,44760,2784,103145,68998,12704,21443,216460,17286,106983,85540,4053,2598,16492,78275,
Jul-2002,478324,49626,46784,2842,105564,71172,12114,22278,222184,17204,108369,89326,4725,2560,16725,84225,
Aug-2002,475464,48489,45678,2811,104652,70051,12176,22425,220638,16815,109011,88181,4381,2250,17310,84375,
Sep-2002,445830,45802,43091,2711,99413,66036,12024,21353,202898,16238,101910,77867,4509,2374,16515,81202,
Oct-2002,443391,47775,45766,2009,91231,57171,11697,22363,208571,17911,105075,77960,4930,2695,16413,79401,
Nov-2002,454656,46601,44594,2007,95120,61676,12245,21199,221080,17696,108815,87305,4606,2658,15602,76253,
Dec-2002,461912,47478,44837,2641,94760,60938,12438,21384,225821,16960,108400,93053,4739,2669,15726,78127,
Jan-2003,444467,45548,42819,2729,96646,63616,11638,21392,209634,16592,103536,81945,4911,2650,16189,76450,
Feb-2003,402661,41683,39300,2383,86997,56681,10720,19596,192159,16126,98002,71698,4063,2270,14639,67183,
Mar-2003,462914,50734,48058,2676,95641,62618,12421,20602,222833,18779,110240,86591,4840,2383,15566,78140,
Apr-2003,467250,49412,46942,2470,96340,62094,12440,21806,227418,17534,112650,90003,4618,2613,14110,79970,
May-2003,493225,52328,49441,2887,106063,70030,12872,23161,237813,18664,120093,91296,5065,2695,14132,82889,
Jun-2003,468610,50284,47441,2843,102881,67139,12537,23205,219102,16873,109665,85382,4615,2567,16794,79549,
Jul-2003,481937,51153,48408,2745,101982,67283,12671,22028,227132,16619,115056,87754,5050,2653,17299,84371,
Aug-2003,486486,50693,47972,2721,102440,67874,13019,21547,230902,18435,114825,90478,4650,2514,17463,84988,
Sep-2003,463384,49461,46754,2707,93108,62900,9311,20897,222989,17127,110312,88326,4730,2494,17077,80749,
Oct-2003,475602,50410,47653,2757,97407,64197,12025,21185,228651,17165,113913,89947,5017,2609,16594,82540,
Nov-2003,463655,44670,42082,2588,98289,63711,12508,22070,224442,17222,110532,89968,4636,2084,16160,80094,
Dec-2003,475684,49390,46648,2742,94617,60861,12177,21579,233223,17787,114044,94955,4566,1871,16599,81855,
Jan-2004,458248,46683,43855,2828,98557,64652,11984,21921,218766,17243,105792,88422,4628,2681,15970,78272,
Feb-2004,426484,49107,46564,2543,93434,60835,11288,21311,196254,17292,95897,77126,3358,2581,14607,73082,
Mar-2004,458390,51879,49028,2851,89633,55701,12207,21725,221540,19003,107917,88144,3589,2887,16651,78687,
Apr-2004,466244,48733,46291,2442,98268,63626,12145,22497,224398,18191,107657,91388,4494,2668,16035,78810,
May-2004,495763,49997,47124,2873,107082,70264,13188,23630,241293,19294,117951,96117,4817,3114,18241,79150,
Jun-2004,487189,50086,47263,2823,104464,68297,12961,23206,234517,18864,114086,93867,4737,2963,17081,81041,
Jul-2004,500408,52039,49427,2612,105309,69041,13601,22667,240939,19385,117453,96044,5308,2749,18078,84043,
Aug-2004,500410,51556,48715,2841,104771,68568,12529,23674,241396,18138,119574,95382,5403,2899,18008,84679,
Sep-2004,449398,41849,39017,2832,97242,63894,10463,22885,214637,18924,111516,76809,4548,2840,17269,78401,
Oct-2004,463162,46637,43704,2933,101182,68951,11466,20765,223008,18444,115674,81045,4824,3021,17602,74733,
Nov-2004,469925,47814,45470,2344,99590,67175,12347,20068,227569,17966,115777,86253,4771,2802,16575,78377,
Dec-2004,488240,48201,45403,2798,104017,68383,13278,22356,237997,18365,118464,93123,4964,3081,17245,80780,
Jan-2005,472881,47137,44439,2698,102435,67082,12672,22681,225946,17058,108422,92308,5166,2992,16914,80449,
Feb-2005,423976,43113,40643,2470,90194,58817,11290,20087,207265,14704,102340,82894,4702,2625,14904,68500,
Mar-2005,471641,50025,47210,2815,92523,58025,13010,21488,233045,16685,116209,91717,5372,3062,16458,79590,
Apr-2005,464806,49202,46483,2719,96696,64305,12314,20077,225967,15941,110102,91066,5905,2953,15980,76961,
May-2005,493063,52733,49790,2943,107034,70904,13407,22723,235860,17619,115157,94083,5981,3020,17991,79445,
Jun-2005,492043,49345,46615,2730,103310,67553,12960,22797,238590,18743,115726,95481,5918,2722,17250,83548,
Jul-2005,491357,51893,48860,3033,104943,68345,13419,23179,233077,19809,119285,85197,5880,2906,18076,83368,
Aug-2005,485586,50110,47100,3010,101774,64651,13633,23490,233087,19048,118151,87036,5882,2970,18174,82441,
Sep-2005,419573,51580,48691,2889,101231,66640,11962,22629,167538,18327,86484,54208,5595,2924,17367,81857,
Oct-2005,423029,50887,48053,2834,102439,65829,12786,23824,172721,18636,80553,64672,5911,2949,17808,79174,
Nov-2005,450966,49965,47069,2896,99935,64445,12918,22572,202238,16767,97587,79199,5948,2737,16084,82744,
Dec-2005,466411,47819,44888,2931,101367,65560,13031,22776,215613,18068,103287,86083,5540,2635,16766,84846,
Jan-2006,458953,47297,44381,2916,104521,68232,13123,23166,208935,17789,99995,82012,6068,3071,17498,80702,
Feb-2006,408255,41012,38362,2650,90501,59704,11790,19007,191278,17605,90313,75156,5538,2666,14302,71162,
Mar-2006,452037,46191,43668,2523,96807,61342,12956,22509,215871,17388,104613,85331,5751,2788,14789,78379,
Apr-2006,447831,42445,39974,2471,97571,63154,11625,22792,213342,18917,105656,79942,5958,2869,16438,78035,
May-2006,481004,45537,42505,3032,104557,68365,12652,23540,229196,18452,111829,90225,6081,2609,17831,83883,
Jun-2006,475292,45391,42488,2903,103717,68573,12629,22515,225805,18664,109670,89254,5981,2236,17372,83007,
Jul-2006,486771,45170,42138,3032,103159,68609,13235,21315,235163,19194,108806,97881,6457,2825,18110,85169,
Aug-2006,489566,48886,45882,3004,107134,72194,13238,21702,231486,19404,105357,97516,6146,3063,18154,83906,
Sep-2006,472171,49126,46216,2910,99771,65682,11479,22610,225696,18994,104318,93430,5966,2988,17040,80538,
Oct-2006,465246,48023,45110,2913,97578,63732,12548,21298,225063,19329,108328,87958,6265,3183,16625,77957,
Nov-2006,450262,46128,43245,2883,95610,62003,12686,20921,218412,17990,102752,88852,5777,3041,17364,72748,
Dec-2006,475966,46644,43644,3000,102312,67114,12740,22458,229566,19011,105751,95714,5740,3350,16339,81105,
Jan-2007,464739,46832,43814,3018,102168,67530,11767,22871,221459,18532,102106,92563,5256,3002,16833,77447,
Feb-2007,404184,38438,35908,2530,90138,60703,11630,17805,195758,14999,88231,85052,4625,2851,15444,64406,
Mar-2007,460039,41866,39870,1996,99728,67569,12919,19240,231831,14972,108006,99488,6112,3253,16561,70053,
Apr-2007,451360,43962,42349,1613,99259,64779,12770,21710,215600,15449,98758,92763,5352,3278,15506,77033,
May-2007,476790,49159,46095,3064,102629,66480,13003,23146,224853,15958,102135,97288,6186,3286,15903,84246,
Jun-2007,457432,46406,43408,2998,97117,64366,11894,20857,219730,14698,101104,94883,5759,3286,17155,77024,
Jul-2007,485807,48094,44985,3109,99300,67000,13319,18981,237931,19190,110049,99164,6245,3283,18255,82227,
Aug-2007,486242,46726,43731,2995,102554,68253,13018,21283,234699,19285,111368,95040,6103,2903,17166,85097,
Sep-2007,456777,46419,43699,2720,96647,63886,10453,22308,218305,19294,101768,88209,5729,3305,16161,79245,
Oct-2007,462926,49319,46862,2457,94953,63777,8931,22245,225091,19099,109104,87928,5498,3462,16112,77451,
Nov-2007,454535,47534,45031,2503,93188,58643,13160,21385,218979,17595,107578,84560,5743,3503,16178,78656,
Dec-2007,471266,47655,44877,2778,99934,64743,13631,21560,225628,18941,106873,90847,5688,3279,16574,81475,
Jan-2008,458931,47631,44843,2788,99612,64609,12868,22135,214653,18314,104645,82685,5646,3363,16566,80469,
Feb-2008,424130,41823,39157,2666,92462,59994,12097,20371,201088,16824,93698,82290,5128,3148,15615,73142,
Mar-2008,445289,41072,38367,2705,91248,57749,12203,21296,217228,17359,100175,90847,5269,3578,16352,79389,
Apr-2008,443966,42005,39583,2422,97447,64697,12077,20673,214948,18257,103287,84089,5742,3573,16203,73363,
May-2008,473155,44240,41608,2632,104661,68692,12707,23262,229430,18676,113059,88547,6307,2841,17443,77381,
Jun-2008,462522,43394,40599,2795,100779,65124,13245,22410,221067,17970,109515,84629,5819,3134,16145,81137,
Jul-2008,472919,44553,41677,2876,101800,65786,12955,23059,228379,18567,110521,90463,5681,3147,15981,82206,
Aug-2008,463366,45380,42424,2956,100781,64173,13220,23388,217581,18351,108091,82768,4954,3417,16750,82874,
Sep-2008,382781,43677,40880,2797,96380,61363,10753,24264,146697,18329,58899,60363,5848,3258,16277,79750,
Oct-2008,451125,46322,43523,2799,98907,63100,11881,23926,210482,18431,95779,86746,6100,3426,16684,78730,
Nov-2008,438184,40379,37789,2590,97769,62709,13313,21747,206747,16540,98823,83101,4953,3330,16214,77075,
Dec-2008,444919,39741,36927,2814,97015,62988,13367,20660,216801,16283,102706,89622,5124,3066,16063,75299,
Jan-2009,438531,42004,39069,2935,96921,60655,13001,23265,209780,16781,102539,82374,5563,2523,16692,73134,
Feb-2009,395745,35053,32382,2671,88608,55627,12148,20833,188723,15987,90434,75671,5034,1597,15497,67864,
Mar-2009,437672,35760,33351,2409,91590,55656,12739,23195,219487,17347,105991,86989,5885,3275,15894,74941,
Apr-2009,431469,34693,32382,2311,93231,58091,12585,22555,217169,16440,103985,88435,4919,3390,14909,71467,
May-2009,448961,39098,36136,2962,99593,65253,11398,22942,217803,13570,105292,89380,6016,3545,17106,75361,
Jun-2009,445507,40563,37811,2752,98952,63765,12299,22888,213811,17057,101919,85978,5552,3305,17143,75038,
Jul-2009,453727,41786,38856,2930,101897,66646,13848,21403,219273,19057,108208,83179,5429,3400,17581,73190,
Aug-2009,452372,40794,37995,2799,98196,62711,12865,22620,225597,19349,110573,88245,3970,3460,17657,70128,
Sep-2009,441304,40076,37330,2746,95238,60999,11086,23153,215487,17105,105814,85321,3836,3411,16829,73674,
Oct-2009,436954,41059,38500,2559,92010,59051,11560,21399,214753,16879,104285,85936,4315,3338,16602,72530,
Nov-2009,416928,34887,32362,2525,90433,59131,12633,18669,207558,17208,101713,79658,5663,3316,16345,67705,
Dec-2009,433486,33906,31202,2704,97720,63754,12814,21152,212721,16727,102930,84043,6018,3003,14751,74388,
Jan-2010,423661,33145,30489,2656,99184,64642,12324,22218,206666,16846,104240,77650,5102,2828,16099,68567,
Feb-2010,390593,33064,30865,2199,91717,60225,11580,19912,187838,15096,97450,67883,4680,2729,14548,63426,
Mar-2010,443724,33634,31172,2462,95614,59439,12959,23216,227053,17084,116399,84703,5651,3216,15125,72298,
Apr-2010,453925,36413,34061,2352,93994,59192,11514,23288,234510,17596,111676,96366,5620,3252,16100,72908,
May-2010,471668,39072,36150,2922,105719,69586,11916,24217,238069,18484,112756,97721,6025,3083,16332,72476,
Jun-2010,461454,37304,34316,2988,103253,65667,13469,24117,231218,14905,111887,95221,6070,3135,17174,72505,
Jul-2010,481087,38457,35427,3030,107177,69253,14192,23732,242243,16176,118310,98427,5861,3469,17721,75489,
Aug-2010,468408,37676,35468,2208,106469,67909,14146,24414,235378,17417,114429,94670,5609,3253,16838,72047,
Sep-2010,442204,32790,30766,2024,99368,64483,11309,23576,221038,18077,102582,91837,5458,3084,17839,71169,
Oct-2010,434001,26185,24010,2175,94946,60951,14007,19988,223936,18279,105426,91192,5657,3382,16611,72323,
Nov-2010,439110,28205,25974,2231,97325,62614,13393,21318,226058,17906,106170,92170,6460,3352,16437,71085,
Dec-2010,464259,32173,29699,2474,102911,67960,12555,22396,239047,18448,115802,94684,6627,3486,16348,73780,
Jan-2011,447107,32905,30274,2631,102491,67558,13273,21660,228297,16899,108409,93081,6797,3111,16271,67143,
Feb-2011,382929,28268,25873,2395,92559,58937,12533,21089,184394,14790,77005,85089,5471,2039,15480,62228,
Mar-2011,447988,30105,27621,2484,100459,66250,12787,21422,226704,18762,99766,98022,7028,3126,16534,74186,
Apr-2011,426917,27844,26607,1237,97215,65516,11369,20330,217778,18479,98507,91184,6510,3098,14818,69262,
May-2011,456252,35607,32589,3018,102588,66643,12795,23150,231310,19704,104921,96976,6377,3332,17564,69183,
Jun-2011,458825,33501,30611,2890,104065,66646,13686,23733,230193,18709,108998,92573,6539,3374,17287,73779,
Jul-2011,483271,39857,36916,2941,107810,68535,14342,24933,238340,18230,114650,94846,7165,3449,16945,80319,
Aug-2011,482239,37925,34957,2968,104162,66435,14149,23578,244911,19384,116690,98411,6795,3631,17076,78165,
Sep-2011,458248,37103,34242,2861,103775,67477,12584,23714,227078,18314,107965,90429,6944,3426,15128,75164,
Oct-2011,451659,35070,32136,2934,103671,69628,14717,19326,227757,18518,103425,95269,7065,3480,17328,67833,
Nov-2011,448802,33055,30145,2910,102654,66460,14006,22188,229514,18727,109720,90940,6750,3377,17008,66571,
Dec-2011,460110,28999,26266,2733,109175,69617,14178,25380,231989,18730,112718,91075,6411,3055,17407,72540,
Jan-2012,445596,25554,22762,2792,108247,70449,14098,23700,222236,19365,108705,85041,5949,3176,17893,71666,
Feb-2012,423846,24857,22099,2758,100557,65190,12948,22419,215422,17581,105166,83899,6175,2601,16857,66153,
Mar-2012,448765,28012,25573,2439,104646,67826,12707,24113,232284,19507,114291,87930,6986,3570,17763,66060,
Apr-2012,438283,27567,25028,2539,105817,69347,12973,23497,224878,16913,108456,89755,6739,3015,15854,64167,
May-2012,467997,26189,23182,3007,107901,69018,14335,24548,244221,18641,115608,99909,6226,3837,16632,73054,
Jun-2012,469096,28162,25236,2926,103987,67087,13201,23699,241331,19238,113841,98428,6123,3701,18356,77260,
Jul-2012,485624,29827,26789,3038,108462,68753,14776,24933,249107,20278,114961,103445,6530,3893,18800,79428,
Aug-2012,475062,29255,26316,2939,109339,69985,14376,24978,240702,18915,116378,95281,6319,3809,18617,77149,
Sep-2012,447304,28500,25871,2629,101146,64118,12258,24770,229021,19719,112900,86941,6151,3310,16852,71785,
Oct-2012,460147,31081,28179,2902,103356,65560,14014,23782,238598,16885,113322,99209,5819,3363,16357,70755,
Nov-2012,452559,27120,24334,2786,99582,64062,14031,21489,242061,16807,113949,101176,6298,3831,16957,66839,
Dec-2012,475237,30106,27213,2893,106786,67532,14902,24352,250918,20169,119101,101062,6681,3905,18637,68790,
Jan-2013,451584,32324,29398,2926,105564,66167,14460,24937,228670,19500,109232,91691,5875,2372,17907,67119,
Feb-2013,398450,24606,21908,2698,95098,59682,13500,21916,199111,15509,99051,77054,5318,2179,16099,63536,
Mar-2013,455781,31578,28621,2957,101355,63816,14690,22849,236300,18999,110297,96452,6616,3936,18051,68497,
Apr-2013,445933,32499,30813,1686,95632,62499,10815,22318,234604,17357,112330,94426,6560,3931,16869,66329,
May-2013,474450,35153,32536,2617,97233,62135,11848,23250,253376,21041,123019,98533,6773,4010,16785,71903,
Jun-2013,474991,34008,31075,2933,100703,62816,13786,24101,248992,20724,124390,93565,6484,3829,17603,73685,
Jul-2013,497292,33627,31038,2589,110793,71429,14251,25113,261352,20747,130923,99335,6565,3782,18094,73426,
Aug-2013,489589,33274,30480,2794,109491,72193,14723,22575,252263,21160,121786,98569,6809,3939,19059,75502,
Sep-2013,469074,32517,29611,2906,102476,67983,12033,22460,243185,19774,120785,92289,6544,3793,17601,73295,
Oct-2013,464725,27517,24477,3040,107377,68153,13949,25275,237405,19005,125164,83566,6270,3400,17787,74639,
Nov-2013,468989,28670,25747,2923,107082,67677,14742,24663,245608,19597,125116,92181,5980,2734,17385,70244,
Dec-2013,498148,33070,30506,2564,110247,71412,13985,24850,261605,20103,128873,103493,6322,2814,17797,75429,
Jan-2014,474643,29616,26748,2868,108047,67499,14682,25866,247183,20168,121305,98008,4239,3463,17645,72152,
Feb-2014,423572,27400,24834,2566,99075,62351,13752,22972,217642,17277,104263,88382,4078,3642,14267,65188,
Mar-2014,468588,31428,29410,2018,99778,60720,13358,25700,245118,17643,123599,93394,6616,3866,17563,74701,
Apr-2014,475924,32194,30756,1438,104466,64674,13980,25812,250260,20215,126508,93557,6258,3722,16847,72157,
May-2014,494312,35600,32717,2883,111415,71604,13056,26755,255600,20083,126071,98894,6567,3985,18406,73291,
Jun-2014,474519,35362,32312,3050,109863,70824,13438,25601,242746,18710,120266,93231,6651,3888,16699,69849,
Jul-2014,512568,35183,32173,3010,115223,74697,14671,25855,266533,17976,133501,104609,6690,3757,17647,77982,
Aug-2014,510271,33549,30856,2693,110791,71847,15186,23758,269372,20887,131425,106011,7226,3823,19792,76767,
Sep-2014,482205,34665,31887,2778,107127,68846,13472,24809,250714,20699,119260,100324,6690,3741,18790,70909,
Oct-2014,476192,35052,32001,3051,101768,64741,13829,23198,248404,21011,119324,97465,6747,3857,17322,73646,
Nov-2014,481303,33330,30582,2748,103976,68313,13991,21672,252875,21085,125462,95882,6775,3671,18354,72768,
Dec-2014,510540,33474,30862,2612,114244,73855,15045,25344,266620,21461,132037,102805,6715,3602,18803,77399,
Jan-2015,479140,33707,30873,2834,106293,66521,14725,25047,248385,20311,126058,92059,6899,3058,17896,72859,
Feb-2015,429564,24375,21843,2532,99743,63619,13917,22207,224691,16844,114087,84239,6186,3335,17231,63524,
Mar-2015,484840,33415,30673,2742,108900,70271,14918,23711,253337,19249,123851,99314,6874,4049,17519,71669,
Apr-2015,488184,33897,31334,2563,110992,72376,15351,23265,257645,19407,128564,98917,6838,3919,17983,67667,
May-2015,508450,36034,33095,2939,113904,73207,15541,25156,269249,20493,132488,105149,7043,4076,18622,70641,
Jun-2015,501034,35011,32278,2733,111139,70357,14883,25899,264430,19954,134101,100149,6421,3805,18464,71990,
Jul-2015,523238,36609,33672,2937,118280,76230,15926,26124,270691,18727,134581,106642,6724,4017,19337,78321,
Aug-2015,517707,37189,34181,3008,112781,70502,15909,26370,269100,21372,129106,108062,6686,3874,19188,79449,
Sep-2015,485028,32167,29231,2936,104493,68238,11774,24481,254604,21042,123633,99199,6771,3959,18040,75724,
Oct-2015,478636,35421,32716,2705,93315,59079,11822,22414,256696,19743,125696,100352,7005,3900,18765,74439,
Nov-2015,493741,36025,33132,2893,106601,70518,14592,21491,259995,20971,127752,100472,6977,3823,18127,72993,
Dec-2015,518988,35500,32505,2995,113496,73016,16126,24354,278162,21005,137743,108580,7197,3637,18615,73215,
Jan-2016,494490,35235,32316,2919,115438,73800,16345,25293,252514,20865,119846,101949,6123,3731,17826,73477,
Feb-2016,459442,31685,29057,2628,105169,69156,14274,21739,239811,19606,112203,98616,5933,3453,16681,66096,
Mar-2016,498556,32884,30008,2876,105672,65750,15755,24167,267947,21358,134106,101800,7202,3481,18058,73995,
Apr-2016,477608,34745,32244,2501,100007,62503,12277,25227,254036,20304,121856,101028,6992,3856,15420,73400,
May-2016,503341,36690,33697,2993,111828,71350,14228,26250,265512,21762,126836,105894,7219,3801,17826,71485,
Jun-2016,492978,33768,30787,2981,110479,70174,15135,25170,257359,20441,125745,100387,6883,3903,19403,71969,
Jul-2016,515257,32893,29871,3022,115425,73745,15956,25724,270287,22146,136450,100876,6826,3989,19575,77077,
Aug-2016,514394,34037,31034,3003,116117,75135,16194,24788,266752,21519,134561,100118,6806,3748,18963,78525,
Sep-2016,490195,33245,30307,2938,108732,71135,13670,23927,254903,20332,123843,100615,6335,3778,19318,73997,
Oct-2016,479085,33825,30980,2845,110888,70650,14965,25273,251344,21308,123133,96126,6966,3811,18362,64666,
Nov-2016,487057,33537,30971,2566,110228,69138,15223,25867,259490,19614,128927,101117,6561,3271,18783,65019,
Dec-2016,511992,32952,30038,2914,115145,74011,14978,26156,275248,19979,138329,107172,6283,3485,18655,69992,
Jan-2017,499665,32542,29550,2992,115384,74993,15405,24986,259998,19938,130311,99399,6491,3859,19014,72727,
Feb-2017,433807,25268,22525,2743,101597,63782,14507,23308,228979,16791,113648,89430,6442,2668,16518,61445,
Mar-2017,497486,27610,24748,2862,114641,73207,16201,25233,263568,18333,133768,103169,5846,2452,18783,72884,
Apr-2017,508633,31846,29461,2385,114023,74126,13123,26774,267757,20847,137372,100518,5801,3219,19440,75567,
May-2017,533894,34451,31491,2960,118383,76522,14087,27774,288212,22151,146838,107857,7141,4225,19114,73734,
Jun-2017,516122,33863,30931,2932,117307,74140,15744,27423,275420,21842,139241,103293,6871,4173,18335,71197,
Jul-2017,536841,33420,31292,2128,119644,76818,15283,27543,286021,21938,143878,109002,6983,4220,20148,77608,
Aug-2017,526396,35333,32348,2985,123424,80578,16489,26357,266929,20749,127980,106717,7219,4264,20338,80372,
Sep-2017,463806,33169,30229,2940,110971,72232,14790,23949,223108,20396,84738,106494,7325,4155,20119,76439,
Oct-2017,497897,33981,31238,2743,105756,67044,16953,21759,268322,19601,135655,101796,6989,4281,19332,70506,
Nov-2017,505188,34795,31955,2840,112056,69688,16162,26206,268422,17184,139618,100505,7031,4084,17471,72444,
Dec-2017,535506,34587,31694,2893,118372,74795,16623,26954,285809,21587,143197,109776,6998,4251,18519,78219,
Jan-2018,514575,33107,30208,2899,115808,73295,17072,25441,271933,20627,138402,102611,6042,4251,19538,74189,
Feb-2018,446215,27091,24503,2588,101857,63954,15229,22674,232240,14760,119373,88158,6342,3607,18343,66684,
Mar-2018,516619,28513,26870,1643,114873,73099,16516,25258,275001,17058,144645,101919,7432,3947,19058,79174,
Apr-2018,502986,33308,31763,1545,117135,73989,16399,26747,265981,20001,135117,99871,6892,4100,17223,69339,
May-2018,526031,35878,32864,3014,125381,80624,15939,28818,274736,22288,137500,103576,7011,4361,18151,71885,
Jun-2018,529970,33838,30832,3006,119361,76961,15404,26996,278192,22087,141505,103260,7168,4172,19473,79106,
Jul-2018,538067,35314,32213,3101,120652,78754,15757,26141,281733,22535,147660,99999,7279,4260,19893,80475,
Aug-2018,546310,33108,30030,3078,123851,79720,15652,28479,289856,22359,148899,107312,7143,4143,18868,80627,
Sep-2018,509726,30088,27174,2914,109414,71973,12506,24935,273792,20689,140448,101710,6801,4144,19689,76743,
Oct-2018,508779,28585,25443,3142,100442,66286,13155,21001,286111,21758,143923,109377,6832,4221,19710,73931,
Nov-2018,514863,30235,27186,3049,114588,74452,15686,24450,277537,19602,140929,106838,6084,4084,17372,75131,
Dec-2018,539691,32486,29332,3154,121859,78834,16052,26973,290610,21079,145718,112361,7226,4226,19010,75726,
Jan-2019,520272,31404,28329,3075,120238,76479,15811,27948,274595,20045,136557,107233,6842,3918,19638,74397,
Feb-2019,443681,21722,19076,2646,98749,62504,14090,22155,240551,19227,117743,93929,6140,3512,16927,65732,
Mar-2019,493975,28301,25295,3006,109578,73290,15988,20300,264130,19803,132214,102953,5018,4142,18833,73133,
Apr-2019,490236,30861,27876,2985,112300,73704,15140,23456,263752,20404,130634,103249,5301,4164,17078,66245,
May-2019,518303,33700,30654,3046,109421,67871,15304,26246,280897,22005,138255,108782,7535,4320,20437,73848,
Jun-2019,517074,31053,28803,2250,117498,74544,15585,27369,273773,21280,138089,103688,6981,3735,20312,74438,
Jul-2019,532431,27510,24354,3156,126585,82069,16406,28110,279199,21526,142894,103189,7499,4091,21289,77848,
Aug-2019,536202,26235,23125,3110,127293,81867,16479,28947,282182,21872,143259,106104,6930,4017,21445,79047,
Sep-2019,492093,24566,21627,2939,116636,76350,12485,27801,261038,21746,125980,103208,6619,3485,19164,70689,
Oct-2019,486107,22644,19466,3178,113258,73629,13863,25766,258510,21363,125930,100945,7354,2918,16870,74825,
Nov-2019,494453,23966,21257,2709,114679,72716,15589,26374,265681,21943,134874,97815,7546,3503,17723,72404,
Dec-2019,520569,24919,21818,3101,121730,78480,16136,27114,279028,22944,142130,103010,7410,3534,20029,74863,
Jan-2020,503157,23790,20661,3129,117548,78032,14741,24775,272545,17171,141546,102379,7302,4147,19304,69970,
Feb-2020,460133,19986,17208,2778,108849,70948,13895,24006,243397,15750,130498,86289,6982,3878,18059,69842,
Mar-2020,472015,19747,16782,2965,106648,69889,14853,21906,261727,18615,137803,93722,7500,4087,17077,66816,
Apr-2020,383592,15822,13336,2486,87405,56434,11789,19182,217152,16092,115129,77313,6364,2254,13218,49995,
May-2020,401692,18523,15860,2663,95814,61920,13361,20533,221019,17127,113235,80520,7677,2460,15070,51266,
Jun-2020,411961,18167,15353,2814,99667,64510,11606,23551,224323,18785,115971,80053,6819,2695,17252,52552,
Jul-2020,444476,16212,13308,2904,111416,71145,14762,25509,240724,20794,122570,87128,7345,2887,18947,57177,
Aug-2020,438694,18573,15609,2964,113605,73150,14981,25474,228675,21121,115978,81737,6829,3010,18450,59391,
Sep-2020,407185,16451,13478,2973,105215,67529,13106,24580,209989,20568,116484,62701,7240,2996,17582,57948,
Oct-2020,416787,17657,14881,2776,106378,65563,14513,26302,218513,19590,123325,65495,7301,2802,16479,57760,
Nov-2020,423713,17734,15035,2699,105090,66859,13531,24700,228018,19871,123877,75122,6490,2658,16546,56325,
Dec-2020,438335,18362,15569,2793,106235,67371,13834,25030,240269,17907,131459,81375,6975,2553,16945,56524,
Jan-2021,450278,18510,15666,2844,112467,72213,14878,25376,245489,20106,130969,84348,6860,3206,17332,56480,
Feb-2021,346459,16567,13791,2776,92328,63115,13793,15420,169170,13622,69027,79636,4105,2780,16233,52161,
Mar-2021,445874,20986,18021,2965,112124,73606,15409,23109,232866,18208,113650,93447,4445,3116,17271,62627,
,,,,,,,,,,,,,,,,,
